File, Header, ID, Insert Length, Insert Sequence, Frame Shift
 analysis_example/analysis_example.csv, >A-27336_F2.ab1, not a sequence, not a sequence, not a sequence, not a sequence
 analysis_example/B2LPA+h004-1_Absense.seq, >A-27336_F2.ab1, gamma, 532, ttcacttatgtatcatacacatacgatttaggtgacactatagaataacatccactttgcctttctctccacaggtgtccactcccaggtccaactgcacctcggttctatcgattgaattccaccatgggatggtcatgtatcatcctttttctagtagcaactgcaaccggtgtacattccgagttccagccagcagtctggacctgagctggtgaagcctggcgcttcagtgaagatatcctgcaaggcttctggttactcattcactgactacaatatgaactgggtgaagcagaggaatggagagagccttgagtggattggagtaatcaatcctaactatggaactactacttacaatcagaagttcaaggacaaggccacattgactgtagaccaatcttccagcacagcctacatgcagctcaacagcctgacatctgaggactctgcagtctattactgtgcaagaagggccctggaggggtttgcttactggggccaaggggctctggtcactgtctctgca, 1
 analysis_example/B2LPA+h004-1_Absense.seq copy, >A-27336_E10.ab1, gamma, 1175, ttcacttatgtatcatacacatacgatttaggtgacactatagaataacatccactttgcctttctctccacaggtgtccactcccaggtccaactgcacctcggttctatcgattgaattccaccatgggatggtcatgtatcatcctttttctagtagcaactgcaaccggtgtacattccgagttccagccagcagtctggacctgagctggtgaagcctggcgcttcagtgaagatatcctgcaaggcttctggttactcattcactgactacaatatgaactgggtgaagcagaggaatggagagagccttgagtggattggagtaatcaatcctaactatggaactactacttacaatcagaagttcaaggacaaggccacattgactgtagaccaatcttccagcacagcctacatgcagctcaacagcctgacatctgaggactctgcagtctattactgtgcaagaagggccctggaggggtttgcttactggggccaaggggctctggtcactgtctctgcagcgtcgaccaagggcccatcggtcttccccctggcaccctcctccaagagcacctctgggggcacagcggccctgggctgcctggtcaaggactattccccccgaacaaaattcacttatgtatcatacacatacgatttaggtgacactatagaataacatccactttgcctttctctccacaggtgtccactcccaggtccaactgcacctcggttctatcgattgaattccaccatgggatggtcatgtatcatcctttttctagtagcaactgcaaccggtgtacattccgagttccagccagcagtctggacctgagctggtgaagcctggcgcttcagtgaagatatcctgcaaggcttctggttactcattcactgactacaatatgaactgggtgaagcagaggaatggagagagccttgagtggattggagtaatcaatcctaactatggaactactacttacaatcagaagttcaaggacaaggccacattgactgtagaccaatcttccagcacagcctacatgcagctcaacagcctgacatctgaggactctgcagtctattactgtgcaagaagggccctggaggggtttgcttactggggccaaggggctctggtcactgtctctgca, 2
 analysis_example/B2LPA+h012-3_Absense.seq, >A-27336_A3.ab1, gamma, 1829, ttcacttatgtatcatacacatacgatttaggtgacactatagaataacatccactttgcctttctctccacaggtgtccactcccaggtccaactgcacctcggttctatcgattgaattccaccatgggatggtcatgtatcatcctttttctagtagcaactgcaaccggtgtacattccgagttccagccagcagtctggacctgagctggtgaagcctggcgcttcagtgaagatatcctgcaaggcttctggttactcattcactgactacaatatgaactgggtgaagcagaggaatggagagagccttgagtggattggagtaatcaatcctaactatggaactactacttacaatcagaagttcaaggacaaggccacattgactgtagaccaatcttccagcacagcctacatgcagctcaacagcctgacatctgaggactctgcagtctattactgtgcaagaagggccctggaggggtttgcttactggggccaaggggctctggtcactgtctctgcagcgtcgaccaagggcccatcggtcttccccctggcaccctcctccaagagcacctctgggggcacagcggccctgggctgcctggtcaaggactattccccccgaacaaaattcacttatgtatcatacacatacgatttaggtgacactatagaataacatccactttgcctttctctccacaggtgtccactcccaggtccaactgcacctcggttctatcgattgaattccaccatgggatggtcatgtatcatcctttttctagtagcaactgcaaccggtgtacattccgagttccagccagcagtctggacctgagctggtgaagcctggcgcttcagtgaagatatcctgcaaggcttctggttactcattcactgactacaatatgaactgggtgaagcagaggaatggagagagccttgagtggattggagtaatcaatcctaactatggaactactacttacaatcagaagttcaaggacaaggccacattgactgtagaccaatcttccagcacagcctacatgcagctcaacagcctgacatctgaggactctgcagtctattactgtgcaagaagggccctggaggggtttgcttactggggccaaggggctctggtcactgtctctgcagcgtcgaccaagggcccatcggtcttccccctggcaccctcctccaagagcacctctgggggcacagcggccctgggctgcctggtcaaggactattccccccgaacaaaacttacttatgtatcatacacatacgatttaggtgacactatagaataacatccactttgcctttctctccacaggtgtccactcccaggtccaactgcacctcggttctatcgattgaattccaccatgggatggtcatgtatcatcctttttctagtagcaactgcaaccggtgtacattccgaggtgcagctggtggagtctgggggaggcttagtgaagcctggagggtccctgaaactctcctgtgcagcctctggattcattttcagtacctatgccatgtcttgggttcgccagactccggaaaagaggctggagtgggtcgcaaccattggtgatggtggcacttacacctactatgcggacaatgtaaagggccgattcaccatctccagagacaatgtcaagaacaacctgtacctgcaactgagccatctgaagtctgaggacacagccatgtattattgtgcaagagatcactacgttagtacctatgctatggactattggggtcaaggaacctcagtcaccgtctcctca, 2
 analysis_example/B2LPA+h017-1_Absense.seq, >A-28036_D11.ab1, gamma, 2506, ttcacttatgtatcatacacatacgatttaggtgacactatagaataacatccactttgcctttctctccacaggtgtccactcccaggtccaactgcacctcggttctatcgattgaattccaccatgggatggtcatgtatcatcctttttctagtagcaactgcaaccggtgtacattccgagttccagccagcagtctggacctgagctggtgaagcctggcgcttcagtgaagatatcctgcaaggcttctggttactcattcactgactacaatatgaactgggtgaagcagaggaatggagagagccttgagtggattggagtaatcaatcctaactatggaactactacttacaatcagaagttcaaggacaaggccacattgactgtagaccaatcttccagcacagcctacatgcagctcaacagcctgacatctgaggactctgcagtctattactgtgcaagaagggccctggaggggtttgcttactggggccaaggggctctggtcactgtctctgcagcgtcgaccaagggcccatcggtcttccccctggcaccctcctccaagagcacctctgggggcacagcggccctgggctgcctggtcaaggactattccccccgaacaaaattcacttatgtatcatacacatacgatttaggtgacactatagaataacatccactttgcctttctctccacaggtgtccactcccaggtccaactgcacctcggttctatcgattgaattccaccatgggatggtcatgtatcatcctttttctagtagcaactgcaaccggtgtacattccgagttccagccagcagtctggacctgagctggtgaagcctggcgcttcagtgaagatatcctgcaaggcttctggttactcattcactgactacaatatgaactgggtgaagcagaggaatggagagagccttgagtggattggagtaatcaatcctaactatggaactactacttacaatcagaagttcaaggacaaggccacattgactgtagaccaatcttccagcacagcctacatgcagctcaacagcctgacatctgaggactctgcagtctattactgtgcaagaagggccctggaggggtttgcttactggggccaaggggctctggtcactgtctctgcagcgtcgaccaagggcccatcggtcttccccctggcaccctcctccaagagcacctctgggggcacagcggccctgggctgcctggtcaaggactattccccccgaacaaaacttacttatgtatcatacacatacgatttaggtgacactatagaataacatccactttgcctttctctccacaggtgtccactcccaggtccaactgcacctcggttctatcgattgaattccaccatgggatggtcatgtatcatcctttttctagtagcaactgcaaccggtgtacattccgaggtgcagctggtggagtctgggggaggcttagtgaagcctggagggtccctgaaactctcctgtgcagcctctggattcattttcagtacctatgccatgtcttgggttcgccagactccggaaaagaggctggagtgggtcgcaaccattggtgatggtggcacttacacctactatgcggacaatgtaaagggccgattcaccatctccagagacaatgtcaagaacaacctgtacctgcaactgagccatctgaagtctgaggacacagccatgtattattgtgcaagagatcactacgttagtacctatgctatggactattggggtcaaggaacctcagtcaccgtctcctcagcgtcgaccaagggcccatcggtcttccccctggcaccctcctccaagagcacctctgggggcacagcggccctgggctgcctggtcaaggactatttcccccaaacatcgctactaccttatgtatcatacacatacgatttaggtgacactatagaataacatccactttgcctttctctccacaggtgtccactcccaggtccaactgcacctcggttctatcgattgaattccaccatgggatggtcatgtatcatcctttttctagtagcaactgcaaccggtgtacattcccaggtgcagctgcagcagcctgggaattcgaggtgcagctgcagcagcctggggctgaggttgtgaagcctggggcttcagtgaagatgtcctgcaaggcatctggctacaccttcaccagctactggataacctgggtgaaacagaggcctggacaaggccttgagtggatcggagatattcatcctggtagtggaagaactaattataatgagaagatcaagagtaaggccacactgactgtggacacatcctccaacaaagccaacatgcagctcagcagcctgacatctgaggactctgcggtctattattgtgtaagagactgggacgtgaagtttgctttttggggccaagggactctggtcactgtctctgca, 1
 analysis_example/B2LPA+h019-2_Absense.seq, >A-27699_E10.ab1, gamma, 3151, ttcacttatgtatcatacacatacgatttaggtgacactatagaataacatccactttgcctttctctccacaggtgtccactcccaggtccaactgcacctcggttctatcgattgaattccaccatgggatggtcatgtatcatcctttttctagtagcaactgcaaccggtgtacattccgagttccagccagcagtctggacctgagctggtgaagcctggcgcttcagtgaagatatcctgcaaggcttctggttactcattcactgactacaatatgaactgggtgaagcagaggaatggagagagccttgagtggattggagtaatcaatcctaactatggaactactacttacaatcagaagttcaaggacaaggccacattgactgtagaccaatcttccagcacagcctacatgcagctcaacagcctgacatctgaggactctgcagtctattactgtgcaagaagggccctggaggggtttgcttactggggccaaggggctctggtcactgtctctgcagcgtcgaccaagggcccatcggtcttccccctggcaccctcctccaagagcacctctgggggcacagcggccctgggctgcctggtcaaggactattccccccgaacaaaattcacttatgtatcatacacatacgatttaggtgacactatagaataacatccactttgcctttctctccacaggtgtccactcccaggtccaactgcacctcggttctatcgattgaattccaccatgggatggtcatgtatcatcctttttctagtagcaactgcaaccggtgtacattccgagttccagccagcagtctggacctgagctggtgaagcctggcgcttcagtgaagatatcctgcaaggcttctggttactcattcactgactacaatatgaactgggtgaagcagaggaatggagagagccttgagtggattggagtaatcaatcctaactatggaactactacttacaatcagaagttcaaggacaaggccacattgactgtagaccaatcttccagcacagcctacatgcagctcaacagcctgacatctgaggactctgcagtctattactgtgcaagaagggccctggaggggtttgcttactggggccaaggggctctggtcactgtctctgcagcgtcgaccaagggcccatcggtcttccccctggcaccctcctccaagagcacctctgggggcacagcggccctgggctgcctggtcaaggactattccccccgaacaaaacttacttatgtatcatacacatacgatttaggtgacactatagaataacatccactttgcctttctctccacaggtgtccactcccaggtccaactgcacctcggttctatcgattgaattccaccatgggatggtcatgtatcatcctttttctagtagcaactgcaaccggtgtacattccgaggtgcagctggtggagtctgggggaggcttagtgaagcctggagggtccctgaaactctcctgtgcagcctctggattcattttcagtacctatgccatgtcttgggttcgccagactccggaaaagaggctggagtgggtcgcaaccattggtgatggtggcacttacacctactatgcggacaatgtaaagggccgattcaccatctccagagacaatgtcaagaacaacctgtacctgcaactgagccatctgaagtctgaggacacagccatgtattattgtgcaagagatcactacgttagtacctatgctatggactattggggtcaaggaacctcagtcaccgtctcctcagcgtcgaccaagggcccatcggtcttccccctggcaccctcctccaagagcacctctgggggcacagcggccctgggctgcctggtcaaggactatttcccccaaacatcgctactaccttatgtatcatacacatacgatttaggtgacactatagaataacatccactttgcctttctctccacaggtgtccactcccaggtccaactgcacctcggttctatcgattgaattccaccatgggatggtcatgtatcatcctttttctagtagcaactgcaaccggtgtacattcccaggtgcagctgcagcagcctgggaattcgaggtgcagctgcagcagcctggggctgaggttgtgaagcctggggcttcagtgaagatgtcctgcaaggcatctggctacaccttcaccagctactggataacctgggtgaaacagaggcctggacaaggccttgagtggatcggagatattcatcctggtagtggaagaactaattataatgagaagatcaagagtaaggccacactgactgtggacacatcctccaacaaagccaacatgcagctcagcagcctgacatctgaggactctgcggtctattattgtgtaagagactgggacgtgaagtttgctttttggggccaagggactctggtcactgtctctgcagcgtcgaccaagggcccatcggtcttccccctggcaccctcctccaagagcacctctgggggcacagcggccctgggctgcctggtcaaggactacttcccccgaacatacctagcttatgtatcatacacatacgatttaggtgacactatagaataacatccactttgcctttctctccacaggtgtccactcccaggtccaactgcacctcggttctatcgattgaattccaccatgggatggtcatgtatcatcctttttctagtagcaactgcaaccggtgtacattcccaggtgcagctgcagcagcctggggctgaggttgtgaagcctggggcttcagtgaagatgtcctgcaaggcatctggctacaccttcaccagctactggataacctgggtgaaacagaggcctggacaaggccttgagtggatcggagatattcatcctggtagtggaagaactaattataatgagaagatcaagagtaaggccacactgactgtggacacatcctccaacaaagccaacatgcagctcagcagcctgacatctgaggactctgcggtctattattgtgtaagagactgggacgtgaagtttgcttaatggggccaagggactctggtcactgtctctgca, 1
 analysis_example/B2LPA+k002-1_Absense.seq, >A-27699_C6.ab1, gamma, 3151, ttcacttatgtatcatacacatacgatttaggtgacactatagaataacatccactttgcctttctctccacaggtgtccactcccaggtccaactgcacctcggttctatcgattgaattccaccatgggatggtcatgtatcatcctttttctagtagcaactgcaaccggtgtacattccgagttccagccagcagtctggacctgagctggtgaagcctggcgcttcagtgaagatatcctgcaaggcttctggttactcattcactgactacaatatgaactgggtgaagcagaggaatggagagagccttgagtggattggagtaatcaatcctaactatggaactactacttacaatcagaagttcaaggacaaggccacattgactgtagaccaatcttccagcacagcctacatgcagctcaacagcctgacatctgaggactctgcagtctattactgtgcaagaagggccctggaggggtttgcttactggggccaaggggctctggtcactgtctctgcagcgtcgaccaagggcccatcggtcttccccctggcaccctcctccaagagcacctctgggggcacagcggccctgggctgcctggtcaaggactattccccccgaacaaaattcacttatgtatcatacacatacgatttaggtgacactatagaataacatccactttgcctttctctccacaggtgtccactcccaggtccaactgcacctcggttctatcgattgaattccaccatgggatggtcatgtatcatcctttttctagtagcaactgcaaccggtgtacattccgagttccagccagcagtctggacctgagctggtgaagcctggcgcttcagtgaagatatcctgcaaggcttctggttactcattcactgactacaatatgaactgggtgaagcagaggaatggagagagccttgagtggattggagtaatcaatcctaactatggaactactacttacaatcagaagttcaaggacaaggccacattgactgtagaccaatcttccagcacagcctacatgcagctcaacagcctgacatctgaggactctgcagtctattactgtgcaagaagggccctggaggggtttgcttactggggccaaggggctctggtcactgtctctgcagcgtcgaccaagggcccatcggtcttccccctggcaccctcctccaagagcacctctgggggcacagcggccctgggctgcctggtcaaggactattccccccgaacaaaacttacttatgtatcatacacatacgatttaggtgacactatagaataacatccactttgcctttctctccacaggtgtccactcccaggtccaactgcacctcggttctatcgattgaattccaccatgggatggtcatgtatcatcctttttctagtagcaactgcaaccggtgtacattccgaggtgcagctggtggagtctgggggaggcttagtgaagcctggagggtccctgaaactctcctgtgcagcctctggattcattttcagtacctatgccatgtcttgggttcgccagactccggaaaagaggctggagtgggtcgcaaccattggtgatggtggcacttacacctactatgcggacaatgtaaagggccgattcaccatctccagagacaatgtcaagaacaacctgtacctgcaactgagccatctgaagtctgaggacacagccatgtattattgtgcaagagatcactacgttagtacctatgctatggactattggggtcaaggaacctcagtcaccgtctcctcagcgtcgaccaagggcccatcggtcttccccctggcaccctcctccaagagcacctctgggggcacagcggccctgggctgcctggtcaaggactatttcccccaaacatcgctactaccttatgtatcatacacatacgatttaggtgacactatagaataacatccactttgcctttctctccacaggtgtccactcccaggtccaactgcacctcggttctatcgattgaattccaccatgggatggtcatgtatcatcctttttctagtagcaactgcaaccggtgtacattcccaggtgcagctgcagcagcctgggaattcgaggtgcagctgcagcagcctggggctgaggttgtgaagcctggggcttcagtgaagatgtcctgcaaggcatctggctacaccttcaccagctactggataacctgggtgaaacagaggcctggacaaggccttgagtggatcggagatattcatcctggtagtggaagaactaattataatgagaagatcaagagtaaggccacactgactgtggacacatcctccaacaaagccaacatgcagctcagcagcctgacatctgaggactctgcggtctattattgtgtaagagactgggacgtgaagtttgctttttggggccaagggactctggtcactgtctctgcagcgtcgaccaagggcccatcggtcttccccctggcaccctcctccaagagcacctctgggggcacagcggccctgggctgcctggtcaaggactacttcccccgaacatacctagcttatgtatcatacacatacgatttaggtgacactatagaataacatccactttgcctttctctccacaggtgtccactcccaggtccaactgcacctcggttctatcgattgaattccaccatgggatggtcatgtatcatcctttttctagtagcaactgcaaccggtgtacattcccaggtgcagctgcagcagcctggggctgaggttgtgaagcctggggcttcagtgaagatgtcctgcaaggcatctggctacaccttcaccagctactggataacctgggtgaaacagaggcctggacaaggccttgagtggatcggagatattcatcctggtagtggaagaactaattataatgagaagatcaagagtaaggccacactgactgtggacacatcctccaacaaagccaacatgcagctcagcagcctgacatctgaggactctgcggtctattattgtgtaagagactgggacgtgaagtttgcttaatggggccaagggactctggtcactgtctctgca, 1
 analysis_example/B2LPA+k004-2_Absense.seq, >A-38404_G4.ab1, gamma, 3151, ttcacttatgtatcatacacatacgatttaggtgacactatagaataacatccactttgcctttctctccacaggtgtccactcccaggtccaactgcacctcggttctatcgattgaattccaccatgggatggtcatgtatcatcctttttctagtagcaactgcaaccggtgtacattccgagttccagccagcagtctggacctgagctggtgaagcctggcgcttcagtgaagatatcctgcaaggcttctggttactcattcactgactacaatatgaactgggtgaagcagaggaatggagagagccttgagtggattggagtaatcaatcctaactatggaactactacttacaatcagaagttcaaggacaaggccacattgactgtagaccaatcttccagcacagcctacatgcagctcaacagcctgacatctgaggactctgcagtctattactgtgcaagaagggccctggaggggtttgcttactggggccaaggggctctggtcactgtctctgcagcgtcgaccaagggcccatcggtcttccccctggcaccctcctccaagagcacctctgggggcacagcggccctgggctgcctggtcaaggactattccccccgaacaaaattcacttatgtatcatacacatacgatttaggtgacactatagaataacatccactttgcctttctctccacaggtgtccactcccaggtccaactgcacctcggttctatcgattgaattccaccatgggatggtcatgtatcatcctttttctagtagcaactgcaaccggtgtacattccgagttccagccagcagtctggacctgagctggtgaagcctggcgcttcagtgaagatatcctgcaaggcttctggttactcattcactgactacaatatgaactgggtgaagcagaggaatggagagagccttgagtggattggagtaatcaatcctaactatggaactactacttacaatcagaagttcaaggacaaggccacattgactgtagaccaatcttccagcacagcctacatgcagctcaacagcctgacatctgaggactctgcagtctattactgtgcaagaagggccctggaggggtttgcttactggggccaaggggctctggtcactgtctctgcagcgtcgaccaagggcccatcggtcttccccctggcaccctcctccaagagcacctctgggggcacagcggccctgggctgcctggtcaaggactattccccccgaacaaaacttacttatgtatcatacacatacgatttaggtgacactatagaataacatccactttgcctttctctccacaggtgtccactcccaggtccaactgcacctcggttctatcgattgaattccaccatgggatggtcatgtatcatcctttttctagtagcaactgcaaccggtgtacattccgaggtgcagctggtggagtctgggggaggcttagtgaagcctggagggtccctgaaactctcctgtgcagcctctggattcattttcagtacctatgccatgtcttgggttcgccagactccggaaaagaggctggagtgggtcgcaaccattggtgatggtggcacttacacctactatgcggacaatgtaaagggccgattcaccatctccagagacaatgtcaagaacaacctgtacctgcaactgagccatctgaagtctgaggacacagccatgtattattgtgcaagagatcactacgttagtacctatgctatggactattggggtcaaggaacctcagtcaccgtctcctcagcgtcgaccaagggcccatcggtcttccccctggcaccctcctccaagagcacctctgggggcacagcggccctgggctgcctggtcaaggactatttcccccaaacatcgctactaccttatgtatcatacacatacgatttaggtgacactatagaataacatccactttgcctttctctccacaggtgtccactcccaggtccaactgcacctcggttctatcgattgaattccaccatgggatggtcatgtatcatcctttttctagtagcaactgcaaccggtgtacattcccaggtgcagctgcagcagcctgggaattcgaggtgcagctgcagcagcctggggctgaggttgtgaagcctggggcttcagtgaagatgtcctgcaaggcatctggctacaccttcaccagctactggataacctgggtgaaacagaggcctggacaaggccttgagtggatcggagatattcatcctggtagtggaagaactaattataatgagaagatcaagagtaaggccacactgactgtggacacatcctccaacaaagccaacatgcagctcagcagcctgacatctgaggactctgcggtctattattgtgtaagagactgggacgtgaagtttgctttttggggccaagggactctggtcactgtctctgcagcgtcgaccaagggcccatcggtcttccccctggcaccctcctccaagagcacctctgggggcacagcggccctgggctgcctggtcaaggactacttcccccgaacatacctagcttatgtatcatacacatacgatttaggtgacactatagaataacatccactttgcctttctctccacaggtgtccactcccaggtccaactgcacctcggttctatcgattgaattccaccatgggatggtcatgtatcatcctttttctagtagcaactgcaaccggtgtacattcccaggtgcagctgcagcagcctggggctgaggttgtgaagcctggggcttcagtgaagatgtcctgcaaggcatctggctacaccttcaccagctactggataacctgggtgaaacagaggcctggacaaggccttgagtggatcggagatattcatcctggtagtggaagaactaattataatgagaagatcaagagtaaggccacactgactgtggacacatcctccaacaaagccaacatgcagctcagcagcctgacatctgaggactctgcggtctattattgtgtaagagactgggacgtgaagtttgcttaatggggccaagggactctggtcactgtctctgca, 1
 analysis_example/B3PCB1l221-1_Absense.seq, >A-38404_H4.ab1, gamma, 3151, ttcacttatgtatcatacacatacgatttaggtgacactatagaataacatccactttgcctttctctccacaggtgtccactcccaggtccaactgcacctcggttctatcgattgaattccaccatgggatggtcatgtatcatcctttttctagtagcaactgcaaccggtgtacattccgagttccagccagcagtctggacctgagctggtgaagcctggcgcttcagtgaagatatcctgcaaggcttctggttactcattcactgactacaatatgaactgggtgaagcagaggaatggagagagccttgagtggattggagtaatcaatcctaactatggaactactacttacaatcagaagttcaaggacaaggccacattgactgtagaccaatcttccagcacagcctacatgcagctcaacagcctgacatctgaggactctgcagtctattactgtgcaagaagggccctggaggggtttgcttactggggccaaggggctctggtcactgtctctgcagcgtcgaccaagggcccatcggtcttccccctggcaccctcctccaagagcacctctgggggcacagcggccctgggctgcctggtcaaggactattccccccgaacaaaattcacttatgtatcatacacatacgatttaggtgacactatagaataacatccactttgcctttctctccacaggtgtccactcccaggtccaactgcacctcggttctatcgattgaattccaccatgggatggtcatgtatcatcctttttctagtagcaactgcaaccggtgtacattccgagttccagccagcagtctggacctgagctggtgaagcctggcgcttcagtgaagatatcctgcaaggcttctggttactcattcactgactacaatatgaactgggtgaagcagaggaatggagagagccttgagtggattggagtaatcaatcctaactatggaactactacttacaatcagaagttcaaggacaaggccacattgactgtagaccaatcttccagcacagcctacatgcagctcaacagcctgacatctgaggactctgcagtctattactgtgcaagaagggccctggaggggtttgcttactggggccaaggggctctggtcactgtctctgcagcgtcgaccaagggcccatcggtcttccccctggcaccctcctccaagagcacctctgggggcacagcggccctgggctgcctggtcaaggactattccccccgaacaaaacttacttatgtatcatacacatacgatttaggtgacactatagaataacatccactttgcctttctctccacaggtgtccactcccaggtccaactgcacctcggttctatcgattgaattccaccatgggatggtcatgtatcatcctttttctagtagcaactgcaaccggtgtacattccgaggtgcagctggtggagtctgggggaggcttagtgaagcctggagggtccctgaaactctcctgtgcagcctctggattcattttcagtacctatgccatgtcttgggttcgccagactccggaaaagaggctggagtgggtcgcaaccattggtgatggtggcacttacacctactatgcggacaatgtaaagggccgattcaccatctccagagacaatgtcaagaacaacctgtacctgcaactgagccatctgaagtctgaggacacagccatgtattattgtgcaagagatcactacgttagtacctatgctatggactattggggtcaaggaacctcagtcaccgtctcctcagcgtcgaccaagggcccatcggtcttccccctggcaccctcctccaagagcacctctgggggcacagcggccctgggctgcctggtcaaggactatttcccccaaacatcgctactaccttatgtatcatacacatacgatttaggtgacactatagaataacatccactttgcctttctctccacaggtgtccactcccaggtccaactgcacctcggttctatcgattgaattccaccatgggatggtcatgtatcatcctttttctagtagcaactgcaaccggtgtacattcccaggtgcagctgcagcagcctgggaattcgaggtgcagctgcagcagcctggggctgaggttgtgaagcctggggcttcagtgaagatgtcctgcaaggcatctggctacaccttcaccagctactggataacctgggtgaaacagaggcctggacaaggccttgagtggatcggagatattcatcctggtagtggaagaactaattataatgagaagatcaagagtaaggccacactgactgtggacacatcctccaacaaagccaacatgcagctcagcagcctgacatctgaggactctgcggtctattattgtgtaagagactgggacgtgaagtttgctttttggggccaagggactctggtcactgtctctgcagcgtcgaccaagggcccatcggtcttccccctggcaccctcctccaagagcacctctgggggcacagcggccctgggctgcctggtcaaggactacttcccccgaacatacctagcttatgtatcatacacatacgatttaggtgacactatagaataacatccactttgcctttctctccacaggtgtccactcccaggtccaactgcacctcggttctatcgattgaattccaccatgggatggtcatgtatcatcctttttctagtagcaactgcaaccggtgtacattcccaggtgcagctgcagcagcctggggctgaggttgtgaagcctggggcttcagtgaagatgtcctgcaaggcatctggctacaccttcaccagctactggataacctgggtgaaacagaggcctggacaaggccttgagtggatcggagatattcatcctggtagtggaagaactaattataatgagaagatcaagagtaaggccacactgactgtggacacatcctccaacaaagccaacatgcagctcagcagcctgacatctgaggactctgcggtctattattgtgtaagagactgggacgtgaagtttgcttaatggggccaagggactctggtcactgtctctgca, 1
 